{"cameraMode":{"drawMode":0,"name":"Shaded","section":"Shading Mode"},"sceneLighting":true,"audioPlay":false,"sceneViewState":{"showFog":true,"showMaterialUpdate":false,"showSkybox":false,"showFlares":true,"showImageEffects":true,"showParticleSystems":true},"in2DMode":false,"pivot":{"x":160.0,"y":432.7789306640625,"z":1.0226445198059083},"rotation":{"x":-0.24806000292301179,"y":-0.031383663415908816,"z":0.008039810694754124,"w":-0.968209981918335},"size":1446.20654296875,"orthographic":false}